github.com/regen-network/regen-ledger/x/,github.com/onchainengineer/helpnetwork/x/
github.com/regen-network/regen-ledger/types/,github.com/onchainengineer/helpnetwork/x/helpnetwork/types/
github.com/regen-network/regen-ledger/orm,github.com/onchainengineer/helpnetwork/orm
,
github.com/regen-network/regen-ledger/x/group,github.com/onchainengineer/helpnetwork/x/helpnetwork/group
,
github.com/regen-network/regen-ledger,github.com/onchainengineer/helpnetwork
,
,
github.com/regen-network/cosmos-proto,github.com/onchainhub/cosmos-proto
github.com/regen-network/cosmos-sdk,github.com/onchainhub/cosmos-sdk
github.com/regen-network/protobuf,github.com/onchainhub/protobuf
github.com/regen-network/regen-ledger/api,github.com/onchainengineer/helpnetwork/api
,
,
,
,
,
github.com\/regen-network\/regen-ledger,github.com\/onchainengineer\/helpnetwork
